step,time,x0,x1,x2,x3,x4,x5,xhat0,xhat1,xhat2,xhat3,xhat4,xhat5
0,0.0000,0.0001,0.0000,0.0300,0.0059,0.0000,0.0000,-0.0154,0.0375,0.0049,-0.0653,0.2937,0.0043
1,0.0200,0.0002,-0.0004,0.0307,0.0120,-0.0444,0.0681,-0.1521,-0.0189,0.0203,-0.6605,-0.2350,0.0853
2,0.0400,0.0005,-0.0010,0.0400,0.0191,-0.0102,0.8601,-0.1318,0.0035,0.0629,-0.4828,0.0090,0.9065
3,0.0600,0.0010,-0.0012,0.0525,0.0290,-0.0118,0.3954,-0.1847,0.0143,0.0785,-0.6614,0.0908,0.4436
4,0.0800,0.0017,-0.0016,0.0623,0.0410,-0.0259,0.5781,-0.0342,0.0078,0.0753,0.0771,0.0124,0.6140
5,0.1000,0.0026,-0.0021,0.0634,0.0546,-0.0285,-0.4637,0.0750,-0.0112,0.0946,0.5861,-0.1405,-0.4124
6,0.1200,0.0038,-0.0025,0.0453,0.0667,-0.0080,-1.3482,-0.0476,-0.0555,0.0430,-0.0231,-0.4462,-1.3273
7,0.1400,0.0053,-0.0020,0.0298,0.0751,0.0593,-0.1995,-0.3804,-0.0882,0.0289,-1.5040,-0.5706,-0.1779
8,0.1600,0.0068,0.0001,0.0486,0.0837,0.1474,2.0828,-0.4552,-0.1022,0.0472,-1.6979,-0.5094,2.1036
9,0.1800,0.0086,0.0038,0.0931,0.0994,0.2288,2.3653,-0.4065,-0.1409,0.1050,-1.3058,-0.6576,2.3975
10,0.2000,0.0108,0.0095,0.1321,0.1238,0.3349,1.5296,-0.3094,-0.0648,0.1380,-0.7352,0.1383,1.5560
11,0.2200,0.0135,0.0161,0.1527,0.1543,0.3237,0.5354,-0.3613,-0.0122,0.1682,-0.8671,0.5182,0.5698
12,0.2400,0.0169,0.0218,0.1637,0.1877,0.2545,0.5645,-0.1566,-0.0160,0.1583,0.1443,0.3438,0.5798
13,0.2600,0.0210,0.0265,0.1610,0.2226,0.2096,-0.8375,-0.1161,0.0565,0.1547,0.3417,0.8158,-0.8231
14,0.2800,0.0258,0.0295,0.1412,0.2550,0.0919,-1.1432,-0.1447,0.1612,0.1301,0.2069,1.3980,-1.1334
15,0.3000,0.0312,0.0292,0.1215,0.2836,-0.1175,-0.8271,-0.1004,0.1762,0.1076,0.4070,1.1043,-0.8199
16,0.3200,0.0371,0.0252,0.1032,0.3088,-0.2886,-0.9983,-0.1449,0.1310,0.1079,0.2023,0.4199,-0.9749
17,0.3400,0.0435,0.0187,0.0860,0.3306,-0.3612,-0.7194,-0.3130,0.1742,0.0708,-0.5637,0.6252,-0.7140
18,0.3600,0.0502,0.0104,0.0850,0.3505,-0.4668,0.6155,-0.3828,0.1823,0.0930,-0.7967,0.4933,0.6413
19,0.3800,0.0574,0.0002,0.0999,0.3723,-0.5555,0.8781,-0.1209,0.1690,0.0780,0.4441,0.2309,0.8771
20,0.4000,0.0651,-0.0114,0.1004,0.3964,-0.6068,-0.8273,-0.0060,0.1883,0.0983,0.9478,0.2983,-0.8108
21,0.4200,0.0732,-0.0242,0.0748,0.4179,-0.6696,-1.7342,0.0246,0.1125,0.0816,1.0222,-0.3997,-1.7102
22,0.4400,0.0817,-0.0372,0.0395,0.4333,-0.6284,-1.8037,-0.1300,0.1459,0.0394,0.2453,-0.0376,-1.7861
23,0.4600,0.0904,-0.0499,0.0168,0.4428,-0.6404,-0.4617,-0.1021,0.1188,0.0016,0.3423,-0.2547,-0.4578
24,0.4800,0.0993,-0.0625,0.0085,0.4499,-0.6197,-0.3730,-0.0775,0.1418,-0.0030,0.4238,-0.0161,-0.3658
25,0.5000,0.1083,-0.0750,-0.0000,0.4555,-0.6342,-0.4765,-0.1778,0.1209,-0.0107,-0.0642,-0.1900,-0.4688
26,0.5200,0.1175,-0.0876,-0.0021,0.4600,-0.6226,0.2696,-0.1240,0.0934,0.0053,0.1923,-0.3650,0.2931
27,0.5400,0.1267,-0.0996,-0.0012,0.4650,-0.5838,-0.1804,0.0698,0.1453,0.0123,1.0481,0.1337,-0.1519
28,0.5600,0.1359,-0.1117,-0.0180,0.4688,-0.6191,-1.4946,0.1187,0.1356,0.0088,1.1829,0.0042,-1.4548
29,0.5800,0.1453,-0.1242,-0.0503,0.4676,-0.6357,-1.7372,0.1527,0.0147,-0.0300,1.2226,-0.9575,-1.7039
30,0.6000,0.1545,-0.1356,-0.0839,0.4599,-0.5070,-1.6241,0.2960,-0.0547,-0.0362,1.7645,-1.2315,-1.5672
31,0.6200,0.1636,-0.1440,-0.1244,0.4455,-0.3328,-2.4303,0.4320,-0.0815,-0.0844,2.1984,-1.0882,-2.3812
32,0.6400,0.1722,-0.1491,-0.1775,0.4219,-0.1751,-2.8764,0.5258,-0.0327,-0.1497,2.3914,-0.3910,-2.8389
33,0.6600,0.1803,-0.1521,-0.2351,0.3874,-0.1180,-2.8796,0.1434,-0.0635,-0.2170,0.4249,-0.5180,-2.8514
34,0.6800,0.1876,-0.1536,-0.2608,0.3441,-0.0399,0.3104,0.0829,-0.0298,-0.2632,0.0571,-0.1009,0.3200
35,0.7000,0.1940,-0.1543,-0.2460,0.3006,-0.0227,1.1654,0.3080,-0.0143,-0.2394,1.0175,0.0519,1.1828
36,0.7200,0.1995,-0.1548,-0.2380,0.2601,-0.0281,-0.3610,0.3773,-0.0749,-0.2424,1.1851,-0.4356,-0.3536
37,0.7400,0.2042,-0.1546,-0.2481,0.2193,0.0401,-0.6510,0.3515,-0.1434,-0.2382,0.9272,-0.8404,-0.6311
38,0.7600,0.2081,-0.1525,-0.2580,0.1764,0.1714,-0.3399,0.2935,-0.1794,-0.2558,0.5332,-0.8693,-0.3272
39,0.7800,0.2111,-0.1477,-0.2582,0.1326,0.3109,0.3175,0.4419,-0.2118,-0.2601,1.0987,-0.8583,0.3264
40,0.8000,0.2132,-0.1401,-0.2600,0.0892,0.4527,-0.4922,0.5736,-0.1843,-0.2858,1.5244,-0.3782,-0.5046
41,0.8200,0.2145,-0.1303,-0.2751,0.0441,0.5259,-1.0232,0.6092,-0.1152,-0.2841,1.5044,0.2893,-1.0204
42,0.8400,0.2148,-0.1200,-0.2960,-0.0045,0.5000,-1.0655,0.5765,-0.0199,-0.3013,1.1705,0.9655,-1.0596
43,0.8600,0.2141,-0.1113,-0.3119,-0.0567,0.3709,-0.5288,0.4023,0.0298,-0.3187,0.2269,1.0839,-0.5242
44,0.8800,0.2124,-0.1054,-0.3079,-0.1103,0.2198,0.9306,0.1320,0.1745,-0.3426,-1.0826,1.9075,0.9104
45,0.9000,0.2096,-0.1038,-0.2684,-0.1595,-0.0605,3.0210,0.1975,0.2321,-0.3137,-0.7607,1.8008,2.9918
46,0.9200,0.2058,-0.1078,-0.2135,-0.1986,-0.3331,2.4725,-0.0879,0.2308,-0.2354,-2.0064,1.2577,2.4644
47,0.9400,0.2014,-0.1164,-0.1499,-0.2264,-0.5315,3.8877,-0.2038,0.2131,-0.1554,-2.3722,0.7396,3.8942
48,0.9600,0.1966,-0.1283,-0.0702,-0.2397,-0.6573,4.0800,0.0828,0.1422,-0.0700,-0.8940,-0.0467,4.0915
49,0.9800,0.1917,-0.1415,-0.0142,-0.2388,-0.6677,1.5161,0.0199,0.1379,-0.0453,-1.1245,-0.0821,1.4998
50,1.0000,0.1869,-0.1549,0.0179,-0.2301,-0.6727,1.7019,0.0096,0.2007,0.0068,-1.0609,0.4172,1.7035
51,1.0200,0.1823,-0.1692,0.0485,-0.2148,-0.7531,1.3574,0.1746,0.1590,0.0512,-0.2132,-0.0488,1.3711
52,1.0400,0.1781,-0.1844,0.0610,-0.1950,-0.7652,-0.1118,0.2024,0.1329,0.0418,-0.0742,-0.2565,-0.1176
53,1.0600,0.1743,-0.1995,0.0570,-0.1747,-0.7459,-0.2864,0.2485,0.0913,0.0440,0.1510,-0.5240,-0.2867
54,1.0800,0.1710,-0.2138,0.0478,-0.1555,-0.6853,-0.6349,0.4227,0.0134,0.0272,0.9194,-0.9953,-0.6419
55,1.1000,0.1679,-0.2262,0.0246,-0.1392,-0.5513,-1.6875,0.5076,-0.1008,0.0023,1.2190,-1.6090,-1.6958
56,1.1200,0.1652,-0.2349,-0.0128,-0.1290,-0.3203,-2.0467,0.4075,-0.0171,-0.0282,0.6632,-0.4899,-2.0489
57,1.1400,0.1626,-0.2406,-0.0444,-0.1259,-0.2516,-1.1125,0.2706,-0.1800,-0.0616,-0.0189,-1.6241,-1.1162
58,1.1600,0.1600,-0.2432,-0.0548,-0.1268,-0.0092,0.0707,0.0197,-0.2153,-0.0659,-1.1487,-1.4232,0.0725
59,1.1800,0.1573,-0.2412,-0.0363,-0.1270,0.2099,1.7800,0.1298,-0.2707,-0.0207,-0.5455,-1.4317,1.8053
60,1.2000,0.1547,-0.2347,-0.0114,-0.1219,0.4367,0.7101,0.0997,-0.3468,-0.0049,-0.6391,-1.5939,0.7269
61,1.2200,0.1523,-0.2234,0.0033,-0.1133,0.6946,0.7575,0.0670,-0.3515,-0.0142,-0.7447,-1.1438,0.7529
62,1.2400,0.1500,-0.2076,0.0208,-0.1015,0.8917,0.9892,0.0991,-0.2538,0.0092,-0.5310,-0.0183,0.9899
63,1.2600,0.1480,-0.1894,0.0364,-0.0863,0.9241,0.5722,0.1445,-0.2819,0.0053,-0.2903,-0.2054,0.5557
64,1.2800,0.1464,-0.1703,0.0446,-0.0686,0.9852,0.2503,0.1053,-0.2292,0.0066,-0.4429,0.2953,0.2280
65,1.3000,0.1451,-0.1507,0.0518,-0.0496,0.9719,0.4701,-0.0560,-0.1915,0.0310,-1.1109,0.5316,0.4632
66,1.3200,0.1442,-0.1318,0.0699,-0.0282,0.9221,1.3336,0.0556,-0.1847,0.0616,-0.4957,0.4552,1.3380
67,1.3400,0.1438,-0.1138,0.0863,-0.0028,0.8818,0.3092,0.1655,-0.1694,0.0619,0.0428,0.4672,0.2993
68,1.3600,0.1439,-0.0966,0.0845,0.0240,0.8381,-0.4892,-0.0039,-0.1732,0.0694,-0.7013,0.3238,-0.4907
69,1.3800,0.1445,-0.0800,0.0850,0.0501,0.8144,0.5427,-0.0715,-0.1778,0.0743,-0.9249,0.2156,0.5450
70,1.4000,0.1457,-0.0638,0.0993,0.0780,0.8060,0.8864,-0.0704,-0.1715,0.0792,-0.8287,0.2231,0.8804
71,1.4200,0.1475,-0.0478,0.1157,0.1090,0.7957,0.7550,-0.0427,-0.1560,0.0990,-0.6117,0.2998,0.7521
72,1.4400,0.1499,-0.0321,0.1268,0.1429,0.7733,0.3486,-0.1119,-0.1567,0.1242,-0.8367,0.2268,0.3583
73,1.4600,0.1530,-0.0168,0.1357,0.1785,0.7608,0.5474,-0.0140,-0.1873,0.1072,-0.3181,-0.0590,0.5340
74,1.4800,0.1568,-0.0013,0.1403,0.2158,0.7909,-0.0877,0.1113,-0.1849,0.0925,0.2786,-0.0037,-0.1180
75,1.5000,0.1614,0.0148,0.1306,0.2525,0.8131,-0.8865,0.2575,-0.1390,0.0852,0.9270,0.3767,-0.9139
76,1.5200,0.1667,0.0307,0.1034,0.2857,0.7782,-1.8300,0.0449,-0.1119,0.0703,-0.0852,0.4971,-1.8462
77,1.5400,0.1727,0.0457,0.0820,0.3134,0.7237,-0.3127,-0.0139,-0.1734,0.0640,-0.3193,-0.1116,-0.3152
78,1.5600,0.1791,0.0605,0.0798,0.3391,0.7593,0.0955,-0.0856,-0.2154,0.0402,-0.6152,-0.3898,0.0739
79,1.5800,0.1860,0.0765,0.0876,0.3654,0.8377,0.6838,-0.3346,-0.1709,0.0701,-1.6509,0.0910,0.6820
80,1.6000,0.1935,0.0933,0.1151,0.3949,0.8454,2.0712,-0.1121,-0.0883,0.0779,-0.5057,0.7303,2.0521
81,1.6200,0.2017,0.1093,0.1401,0.4305,0.7563,0.4286,-0.0618,-0.1402,0.1096,-0.2124,0.1283,0.4158
82,1.6400,0.2105,0.1245,0.1425,0.4684,0.7553,-0.1973,0.0151,-0.1577,0.1136,0.1730,-0.0300,-0.2085
83,1.6600,0.2202,0.1398,0.1325,0.5055,0.7780,-0.7948,-0.0128,-0.2135,0.0846,0.0396,-0.4408,-0.8226
84,1.6800,0.2306,0.1562,0.1200,0.5401,0.8631,-0.4549,0.0416,-0.1704,0.0850,0.3034,0.0435,-0.4708
85,1.7000,0.2416,0.1736,0.1071,0.5724,0.8772,-0.8438,0.0280,-0.2542,0.0755,0.2328,-0.6058,-0.8563
86,1.7200,0.2533,0.1923,0.0915,0.6017,0.9897,-0.7084,0.1469,-0.2157,0.0540,0.7526,-0.1064,-0.7259
87,1.7400,0.2655,0.2125,0.0708,0.6276,1.0295,-1.3603,0.2058,-0.1153,0.0345,0.9584,0.7327,-1.3765
88,1.7600,0.2782,0.2322,0.0413,0.6484,0.9433,-1.5956,0.3892,-0.1061,0.0045,1.6970,0.6109,-1.6119
89,1.7800,0.2912,0.2504,-0.0002,0.6625,0.8726,-2.5557,0.5379,-0.1282,-0.0391,2.2063,0.2768,-2.5735
90,1.8000,0.3045,0.2676,-0.0572,0.6666,0.8500,-3.1425,0.4885,-0.1002,-0.0926,1.7776,0.4321,-3.1570
91,1.8200,0.3177,0.2841,-0.1117,0.6594,0.8029,-2.3038,0.5003,-0.0593,-0.1309,1.6597,0.6405,-2.3037
92,1.8400,0.3307,0.2994,-0.1544,0.6428,0.7227,-1.9645,0.5466,-0.0889,-0.1552,1.7022,0.2347,-1.9482
93,1.8600,0.3432,0.3136,-0.1934,0.6181,0.7012,-1.9448,0.6912,-0.0504,-0.1569,2.1901,0.4794,-1.8958
94,1.8800,0.3552,0.3270,-0.2401,0.5853,0.6418,-2.7163,0.7452,0.0300,-0.2063,2.1992,0.9788,-2.6707
95,1.9000,0.3664,0.3385,-0.2927,0.5423,0.5050,-2.5460,0.9681,0.1726,-0.3062,2.9227,1.8149,-2.5429
96,1.9200,0.3767,0.3459,-0.3493,0.4888,0.2375,-3.1209,0.9202,0.3370,-0.3620,2.3843,2.5705,-3.1171
97,1.9400,0.3858,0.3468,-0.4018,0.4241,-0.1522,-2.1288,0.8053,0.4402,-0.3896,1.6005,2.6165,-2.1031
98,1.9600,0.3934,0.3397,-0.4320,0.3511,-0.5603,-0.8846,0.7443,0.4254,-0.4174,1.1092,1.7151,-0.8572
99,1.9800,0.3996,0.3256,-0.4412,0.2743,-0.8439,-0.0336,0.9468,0.5028,-0.4545,1.8172,1.7908,-0.0314
100,2.0000,0.4042,0.3057,-0.4503,0.1962,-1.1469,-0.8829,0.9507,0.5392,-0.4537,1.5930,1.5162,-0.8720
101,2.0200,0.4072,0.2801,-0.4655,0.1153,-1.4169,-0.6341,0.7012,0.5370,-0.4656,0.2496,1.0127,-0.6204
102,2.0400,0.4086,0.2497,-0.4582,0.0330,-1.6180,1.3629,0.7004,0.6023,-0.4463,0.1448,1.1795,1.3869
103,2.0600,0.4083,0.2150,-0.4301,-0.0453,-1.8494,1.4438,0.5593,0.5558,-0.4467,-0.6008,0.4180,1.4423
104,2.0800,0.4066,0.1768,-0.3902,-0.1173,-1.9717,2.5486,0.6981,0.5246,-0.4221,-0.0164,-0.0039,2.5336
105,2.1000,0.4034,0.1368,-0.3487,-0.1808,-2.0329,1.6006,0.6382,0.4854,-0.4043,-0.3740,-0.3662,1.5649
106,2.1200,0.3991,0.0961,-0.3126,-0.2372,-2.0402,2.0160,0.5238,0.3531,-0.3419,-0.9062,-1.3507,2.0041
107,2.1400,0.3938,0.0567,-0.2677,-0.2858,-1.8978,2.4726,0.5053,0.3173,-0.2877,-0.9610,-1.2880,2.4691
108,2.1600,0.3875,0.0201,-0.2200,-0.3251,-1.7597,2.2922,0.4805,0.2635,-0.2425,-1.0366,-1.3800,2.2867
109,2.1800,0.3806,-0.0135,-0.1753,-0.3556,-1.6027,2.1824,0.5269,0.2299,-0.1917,-0.7725,-1.2827,2.1823
110,2.2000,0.3731,-0.0441,-0.1380,-0.3780,-1.4551,1.5435,0.7098,0.2181,-0.1524,0.0845,-1.0379,1.5452
111,2.2200,0.3653,-0.0720,-0.1218,-0.3950,-1.3394,0.0747,0.5439,0.2145,-0.1200,-0.6807,-0.7969,0.0907
112,2.2400,0.3571,-0.0980,-0.1113,-0.4103,-1.2561,0.9826,0.6888,0.1748,-0.1251,-0.0039,-0.9060,0.9844
113,2.2600,0.3487,-0.1221,-0.1009,-0.4231,-1.1533,0.0549,0.5043,0.0920,-0.0919,-0.8357,-1.3174,0.0769
114,2.2800,0.3400,-0.1435,-0.0897,-0.4345,-0.9847,1.0687,0.4494,0.0416,-0.0766,-1.0206,-1.3503,1.0938
115,2.3000,0.3312,-0.1614,-0.0660,-0.4423,-0.8057,1.3006,-0.0660,-0.0398,-0.0743,-3.2635,-1.6103,1.3064
116,2.3200,0.3222,-0.1753,-0.0067,-0.4430,-0.5818,4.6284,-0.2906,-0.1383,-0.0204,-3.9893,-1.9228,4.6294
117,2.3400,0.3133,-0.1841,0.0954,-0.4272,-0.3036,5.5749,-0.1086,-0.1600,0.1007,-2.7983,-1.5352,5.5926
118,2.3600,0.3050,-0.1879,0.1841,-0.3919,-0.0758,3.2993,0.1909,-0.2206,0.1760,-1.1881,-1.5587,3.3049
119,2.3800,0.2975,-0.1870,0.2227,-0.3442,0.1625,0.5575,0.1493,-0.1832,0.2097,-1.2339,-0.8032,0.5587
120,2.4000,0.2910,-0.1825,0.2324,-0.2927,0.2934,0.4166,-0.0079,-0.1578,0.1958,-1.8034,-0.3584,0.3968
121,2.4200,0.2857,-0.1759,0.2503,-0.2390,0.3608,1.3671,0.1536,-0.1564,0.2205,-0.8756,-0.2291,1.3538
122,2.4400,0.2814,-0.1682,0.2633,-0.1818,0.4104,-0.0640,0.2164,-0.2280,0.2538,-0.4590,-0.7070,-0.0591
123,2.4600,0.2783,-0.1588,0.2539,-0.1245,0.5335,-0.8724,0.3561,-0.2443,0.2551,0.2617,-0.6105,-0.8582
124,2.4800,0.2763,-0.1470,0.2257,-0.0710,0.6454,-1.9517,0.2201,-0.3002,0.2172,-0.3320,-0.8496,-1.9463
125,2.5000,0.2753,-0.1326,0.1971,-0.0239,0.7964,-0.9054,0.0742,-0.2617,0.1870,-0.9192,-0.2763,-0.9015
126,2.5200,0.2752,-0.1160,0.1896,0.0195,0.8648,0.1512,-0.1534,-0.3082,0.1664,-1.8308,-0.5333,0.1435
127,2.5400,0.2760,-0.0976,0.2076,0.0637,0.9737,1.6557,0.0994,-0.3778,0.2230,-0.4758,-0.8943,1.6821
128,2.5600,0.2777,-0.0765,0.2185,0.1117,1.1399,-0.5713,0.2545,-0.3665,0.2437,0.3109,-0.5127,-0.5366
129,2.5800,0.2804,-0.0525,0.1939,0.1578,1.2529,-1.8816,0.3003,-0.4297,0.2237,0.5343,-0.8231,-1.8436
130,2.6000,0.2839,-0.0258,0.1537,0.1971,1.4155,-2.1450,0.4632,-0.5241,0.1547,1.2333,-1.2828,-2.1330
131,2.6200,0.2881,0.0048,0.1041,0.2274,1.6519,-2.8177,0.6308,-0.4873,0.0987,1.8927,-0.5758,-2.8115
132,2.6400,0.2929,0.0392,0.0405,0.2465,1.7876,-3.5394,0.6630,-0.5395,0.0430,1.8852,-0.7691,-3.5264
133,2.6600,0.2979,0.0767,-0.0280,0.2522,1.9558,-3.3054,0.3744,-0.4776,-0.0320,0.4209,-0.0096,-3.2984
134,2.6800,0.3029,0.1164,-0.0690,0.2463,2.0133,-0.7972,0.5615,-0.4618,-0.0793,1.2052,0.1685,-0.7958
135,2.7000,0.3077,0.1569,-0.0935,0.2348,2.0447,-1.6554,0.6773,-0.3064,-0.0996,1.6018,1.3868,-1.6503
136,2.7200,0.3122,0.1963,-0.1319,0.2169,1.8919,-2.1877,0.5383,-0.2328,-0.1275,0.8210,1.6043,-2.1735
137,2.7400,0.3163,0.2322,-0.1633,0.1914,1.7008,-0.9525,0.4436,-0.1213,-0.1330,0.3143,2.0498,-0.9157
138,2.7600,0.3198,0.2636,-0.1747,0.1617,1.4359,-0.1850,0.2506,-0.1060,-0.1399,-0.6016,1.6047,-0.1449
139,2.7800,0.3227,0.2903,-0.1645,0.1316,1.2298,1.2051,0.2116,-0.0922,-0.1345,-0.7515,1.2717,1.2403
140,2.8000,0.3250,0.3132,-0.1380,0.1052,1.0675,1.4449,0.3018,-0.0341,-0.1116,-0.3059,1.3774,1.4763
141,2.8200,0.3268,0.3327,-0.1166,0.0837,0.8839,0.6928,0.2130,0.0474,-0.1097,-0.7087,1.6300,0.7064
142,2.8400,0.3282,0.3481,-0.0970,0.0655,0.6564,1.2729,0.0869,0.0419,-0.0765,-1.2191,1.1222,1.2983
143,2.8600,0.3293,0.3597,-0.0655,0.0523,0.4986,1.8734,0.1079,0.1730,-0.0415,-1.0250,1.8265,1.9015
144,2.8800,0.3303,0.3670,-0.0323,0.0454,0.2295,1.4453,0.0911,0.2545,-0.0158,-1.0186,1.9301,1.4663
145,2.9000,0.3311,0.3686,-0.0047,0.0443,-0.0633,1.3196,0.0116,0.3886,0.0051,-1.2882,2.4079,1.3342
146,2.9200,0.3320,0.3636,0.0248,0.0484,-0.4369,1.6317,0.1389,0.5022,0.0236,-0.6073,2.5748,1.6364
147,2.9400,0.3330,0.3508,0.0469,0.0578,-0.8466,0.5766,0.2048,0.4828,0.0594,-0.2412,1.6432,0.5932
148,2.9600,0.3343,0.3311,0.0510,0.0695,-1.1272,-0.1663,0.1366,0.4831,0.0598,-0.5162,1.1293,-0.1532
149,2.9800,0.3357,0.3064,0.0516,0.0810,-1.3378,0.2263,0.2268,0.5727,0.0633,-0.0530,1.4596,0.2417
150,3.0000,0.3375,0.2770,0.0493,0.0925,-1.6040,-0.4537,0.1644,0.6147,0.0367,-0.3331,1.3146,-0.4600
151,3.0200,0.3394,0.2424,0.0457,0.1029,-1.8553,0.0946,0.2720,0.6022,0.0535,0.1990,0.7795,0.1064
152,3.0400,0.3416,0.2035,0.0390,0.1125,-2.0323,-0.7659,0.3630,0.5235,0.0550,0.6039,-0.1212,-0.7471
153,3.0600,0.3439,0.1624,0.0174,0.1190,-2.0774,-1.3999,0.2939,0.5808,0.0276,0.2444,0.3039,-1.3865
154,3.0800,0.3463,0.1198,-0.0042,0.1206,-2.1871,-0.7551,0.4545,0.6039,0.0101,0.9471,0.3359,-0.7384
155,3.1000,0.3487,0.0749,-0.0286,0.1181,-2.3039,-1.6916,0.4070,0.4678,-0.0106,0.6518,-0.8889,-1.6718
156,3.1200,0.3510,0.0295,-0.0575,0.1096,-2.2379,-1.1972,0.1615,0.4297,-0.0339,-0.5067,-0.9865,-1.1729
157,3.1400,0.3531,-0.0145,-0.0633,0.0972,-2.1541,0.6217,0.0801,0.3962,-0.0230,-0.8221,-1.0174,0.6603
158,3.1600,0.3549,-0.0566,-0.0463,0.0862,-2.0621,1.0751,0.0159,0.3303,-0.0001,-1.0348,-1.2891,1.1183
159,3.1800,0.3565,-0.0965,-0.0226,0.0790,-1.9254,1.2962,0.0071,0.3650,0.0015,-0.9950,-0.6898,1.3191
160,3.2000,0.3581,-0.1345,0.0031,0.0766,-1.8744,1.2700,0.0007,0.2838,0.0315,-0.9291,-1.1697,1.2963
161,3.2200,0.3596,-0.1707,0.0261,0.0788,-1.7485,1.0382,-0.0202,0.2363,0.0294,-0.9491,-1.2420,1.0418
162,3.2400,0.3612,-0.2043,0.0476,0.0850,-1.6072,1.1084,-0.0072,0.1826,0.0550,-0.7954,-1.3376,1.1157
163,3.2600,0.3630,-0.2348,0.0664,0.0952,-1.4465,0.7710,-0.1486,0.1690,0.0879,-1.3352,-1.0869,0.7905
164,3.2800,0.3651,-0.2625,0.0881,0.1088,-1.3184,1.3990,0.1081,0.0615,0.1089,-0.0489,-1.6393,1.4177
165,3.3000,0.3674,-0.2867,0.0965,0.1260,-1.1024,-0.5555,0.3167,0.0146,0.0983,0.8973,-1.5507,-0.5540
166,3.3200,0.3701,-0.3066,0.0717,0.1410,-0.8929,-1.9277,0.3072,-0.0089,0.1005,0.8100,-1.2990,-1.9024
167,3.3400,0.3731,-0.3227,0.0336,0.1493,-0.7149,-1.8786,0.4416,-0.0702,0.0515,1.3461,-1.4112,-1.8633
168,3.3600,0.3762,-0.3350,-0.0094,0.1496,-0.5145,-2.4254,0.1500,-0.0324,-0.0059,-0.0847,-0.7098,-2.4232
169,3.3800,0.3791,-0.3443,-0.0342,0.1422,-0.4140,-0.0582,0.0917,-0.2249,-0.0064,-0.3252,-2.0122,-0.0345
170,3.4000,0.3819,-0.3496,-0.0314,0.1331,-0.1135,0.3435,0.0538,-0.2257,-0.0370,-0.4906,-1.4269,0.3373
171,3.4200,0.3845,-0.3496,-0.0202,0.1252,0.1074,0.7798,-0.0982,-0.1853,-0.0264,-1.1330,-0.6837,0.7731
172,3.4400,0.3870,-0.3463,0.0046,0.1205,0.2223,1.6922,-0.0747,-0.2724,-0.0217,-0.9430,-1.1521,1.6680
173,3.4600,0.3894,-0.3400,0.0360,0.1215,0.4112,1.4466,-0.1381,-0.3301,0.0161,-1.1387,-1.2493,1.4284
174,3.4800,0.3919,-0.3297,0.0659,0.1282,0.6202,1.5513,0.2500,-0.3772,0.0875,0.7355,-1.2294,1.5700
175,3.5000,0.3946,-0.3152,0.0657,0.1385,0.8320,-1.5705,0.3309,-0.3762,0.0973,1.0560,-0.8341,-1.5432
176,3.5200,0.3975,-0.2969,0.0281,0.1441,0.9898,-2.1901,0.4787,-0.3212,0.0736,1.6468,-0.1276,-2.1511
177,3.5400,0.4004,-0.2766,-0.0236,0.1408,1.0450,-2.9831,0.5544,-0.3663,-0.0155,1.8207,-0.4097,-2.9777
178,3.5600,0.4032,-0.2547,-0.0816,0.1263,1.1439,-2.8152,0.7545,-0.3724,-0.0787,2.5408,-0.3026,-2.8145
179,3.5800,0.4056,-0.2310,-0.1456,0.0999,1.2289,-3.5856,0.9334,-0.3859,-0.1611,3.0806,-0.2820,-3.6012
180,3.6000,0.4073,-0.2056,-0.2217,0.0594,1.3127,-4.0248,0.7977,-0.3875,-0.2252,2.1681,-0.1731,-4.0295
181,3.6200,0.4080,-0.1786,-0.2864,0.0044,1.3819,-2.4428,0.9438,-0.4206,-0.3170,2.5601,-0.3417,-2.4714
182,3.6400,0.4075,-0.1500,-0.3363,-0.0616,1.4779,-2.5484,0.8081,-0.4010,-0.3456,1.6742,-0.0457,-2.5577
183,3.6600,0.4056,-0.1199,-0.3735,-0.1366,1.5313,-1.1774,0.7751,-0.4353,-0.3792,1.3108,-0.2579,-1.1833
184,3.6800,0.4021,-0.0884,-0.3902,-0.2169,1.6176,-0.4840,0.6703,-0.4506,-0.3956,0.6514,-0.2579,-0.4896
185,3.7000,0.3970,-0.0552,-0.3895,-0.2990,1.7057,0.5499,0.5343,-0.4188,-0.3934,-0.0889,0.1123,0.5458
186,3.7200,0.3903,-0.0208,-0.3677,-0.3790,1.7397,1.6292,0.3334,-0.3462,-0.3849,-1.0612,0.6945,1.6134
187,3.7400,0.3819,0.0135,-0.3210,-0.4526,1.6859,3.0437,0.2825,-0.2447,-0.3284,-1.2548,1.3296,3.0369
188,3.7600,0.3723,0.0457,-0.2597,-0.5152,1.5336,3.0824,0.3417,-0.3558,-0.2679,-0.9331,0.1122,3.0750
189,3.7800,0.3614,0.0766,-0.2057,-0.5665,1.5602,2.3198,0.1993,-0.2395,-0.2259,-1.5401,1.0292,2.3019
190,3.8000,0.3497,0.1067,-0.1525,-0.6079,1.4482,3.0005,0.3025,-0.1873,-0.1682,-0.9738,1.1732,2.9869
191,3.8200,0.3372,0.1343,-0.1034,-0.6388,1.3104,1.9130,0.3338,-0.1948,-0.1023,-0.7609,0.8037,1.9144
192,3.8400,0.3242,0.1596,-0.0718,-0.6622,1.2239,1.2420,0.4127,-0.0664,-0.0769,-0.3598,1.6025,1.2379
193,3.8600,0.3109,0.1820,-0.0542,-0.6809,1.0135,0.5219,0.3858,-0.0020,-0.0753,-0.4718,1.6617,0.5038
194,3.8800,0.2971,0.2000,-0.0422,-0.6971,0.7875,0.6750,0.3242,0.0706,-0.0738,-0.7254,1.7614,0.6480
195,3.9000,0.2831,0.2133,-0.0249,-0.7106,0.5393,1.0580,0.3643,0.1579,-0.0515,-0.4892,1.9403,1.0359
196,3.9200,0.2688,0.2213,-0.0081,-0.7207,0.2565,0.6151,0.2508,0.2375,-0.0336,-0.9600,1.9985,0.5944
197,3.9400,0.2544,0.2234,0.0102,-0.7278,-0.0436,1.2134,0.3648,0.3426,-0.0295,-0.3784,2.2312,1.1805
198,3.9600,0.2399,0.2191,0.0261,-0.7313,-0.3878,0.3781,0.2985,0.3092,0.0080,-0.6294,1.3041,0.3647
199,3.9800,0.2253,0.2092,0.0351,-0.7327,-0.6018,0.5290,0.1266,0.2516,-0.0012,-1.3524,0.4520,0.4998
200,4.0000,0.2107,0.1962,0.0571,-0.7315,-0.6929,1.6676,-0.0959,0.2101,0.0426,-2.2101,-0.0277,1.6581
201,4.0200,0.1962,0.1822,0.1013,-0.7239,-0.7139,2.7497,-0.0920,0.1639,0.0911,-1.9797,-0.4035,2.7443
202,4.0400,0.1819,0.1682,0.1511,-0.7068,-0.6782,2.2342,0.0368,0.2331,0.1523,-1.1958,0.2339,2.2390
203,4.0600,0.1681,0.1541,0.1814,-0.6816,-0.7375,0.7919,0.0569,0.1938,0.2011,-0.9539,-0.1654,0.8128
204,4.0800,0.1548,0.1393,0.1910,-0.6529,-0.7378,0.1683,0.0350,0.2195,0.2068,-0.9308,0.0613,0.1855
205,4.1000,0.1422,0.1242,0.1938,-0.6233,-0.7719,0.1166,0.0859,0.1766,0.2026,-0.5858,-0.3153,0.1272
206,4.1200,0.1301,0.1090,0.1916,-0.5937,-0.7498,-0.3423,0.1363,0.2483,0.2088,-0.2639,0.3158,-0.3243
207,4.1400,0.1186,0.0933,0.1797,-0.5656,-0.8220,-0.8481,-0.0315,0.2578,0.1998,-0.9515,0.2735,-0.8279
208,4.1600,0.1076,0.0762,0.1732,-0.5398,-0.8896,0.2058,-0.0235,0.2954,0.1829,-0.8018,0.4632,0.2164
209,4.1800,0.0972,0.0574,0.1766,-0.5140,-0.9874,0.1291,0.0104,0.3465,0.1730,-0.5531,0.6998,0.1278
210,4.2000,0.0873,0.0363,0.1763,-0.4881,-1.1235,-0.1595,-0.0102,0.3427,0.1603,-0.5717,0.4352,-0.1717
211,4.2200,0.0778,0.0128,0.1742,-0.4625,-1.2230,-0.0515,0.0975,0.3765,0.1488,-0.0153,0.5400,-0.0718
212,4.2400,0.0689,-0.0128,0.1658,-0.4379,-1.3409,-0.7884,0.0223,0.4136,0.1680,-0.3036,0.6367,-0.7839
213,4.2600,0.0605,-0.0410,0.1530,-0.4157,-1.4763,-0.4936,-0.2295,0.4210,0.1589,-1.3711,0.4705,-0.4860
214,4.2800,0.0525,-0.0716,0.1594,-0.3946,-1.5898,1.1395,-0.2720,0.4490,0.1506,-1.4189,0.5108,1.1339
215,4.3000,0.0449,-0.1047,0.1842,-0.3701,-1.7122,1.3350,-0.0560,0.4872,0.1608,-0.3046,0.6175,1.3167
216,4.3200,0.0379,-0.1403,0.1944,-0.3417,-1.8536,-0.3105,-0.0534,0.4767,0.1526,-0.2466,0.3081,-0.3448
217,4.3400,0.0315,-0.1784,0.1876,-0.3135,-1.9517,-0.3735,0.0048,0.5050,0.1282,0.0520,0.3908,-0.4226
218,4.3600,0.0256,-0.2185,0.1771,-0.2871,-2.0643,-0.6714,0.2416,0.3683,0.1316,1.1404,-0.8430,-0.7074
219,4.3800,0.0202,-0.2591,0.1473,-0.2642,-1.9928,-2.3060,0.2939,0.3323,0.1013,1.2946,-0.9273,-2.3418
220,4.4000,0.0152,-0.2981,0.0999,-0.2496,-1.9056,-2.4410,0.3379,0.2584,0.0377,1.3794,-1.2797,-2.4904
221,4.4200,0.0104,-0.3348,0.0529,-0.2443,-1.7618,-2.2609,0.1656,0.1547,-0.0017,0.4926,-1.7584,-2.3028
222,4.4400,0.0056,-0.3678,0.0224,-0.2470,-1.5405,-0.7835,0.2478,0.1021,-0.0411,0.8072,-1.6906,-0.8326
223,4.4600,0.0007,-0.3964,0.0044,-0.2541,-1.3223,-1.0148,0.1829,0.0317,-0.0473,0.4438,-1.7757,-1.0526
224,4.4800,-0.0044,-0.4205,-0.0105,-0.2646,-1.0842,-0.4806,0.0501,-0.0581,-0.0628,-0.2012,-1.9808,-0.5182
225,4.5000,-0.0097,-0.4394,-0.0098,-0.2766,-0.8076,0.5508,0.0359,-0.1842,-0.0649,-0.2599,-2.4023,0.5114
226,4.5200,-0.0152,-0.4521,0.0025,-0.2872,-0.4588,0.6775,-0.0638,-0.2001,-0.0609,-0.6993,-1.8296,0.6315
227,4.5400,-0.0210,-0.4585,0.0224,-0.2948,-0.1860,1.3155,0.0302,-0.0958,-0.0587,-0.2373,-0.4757,1.2547
228,4.5600,-0.0268,-0.4615,0.0422,-0.2981,-0.1100,0.6636,0.0336,-0.0635,-0.0359,-0.2070,-0.0784,0.6065
229,4.5800,-0.0327,-0.4635,0.0537,-0.2985,-0.0918,0.4873,0.1241,-0.1182,-0.0007,0.2285,-0.4777,0.4521
230,4.6000,-0.0385,-0.4645,0.0551,-0.2975,-0.0129,-0.3489,0.1321,-0.1811,0.0127,0.2530,-0.8224,-0.3729
231,4.6200,-0.0444,-0.4634,0.0467,-0.2975,0.1204,-0.4873,0.0348,-0.2423,0.0062,-0.2023,-1.0496,-0.5092
232,4.6400,-0.0502,-0.4593,0.0439,-0.2988,0.2919,0.2059,-0.0095,-0.2182,0.0115,-0.3760,-0.5384,0.1915
233,4.6600,-0.0561,-0.4525,0.0505,-0.2996,0.3908,0.4512,-0.0668,-0.2439,0.0230,-0.5923,-0.5638,0.4415
234,4.6800,-0.0620,-0.4436,0.0622,-0.2986,0.4963,0.7219,-0.0077,-0.3430,0.0280,-0.2737,-1.1535,0.7064
235,4.7000,-0.0679,-0.4317,0.0719,-0.2952,0.6938,0.2510,0.0955,-0.2818,0.0044,0.1957,-0.3130,0.2064
236,4.7200,-0.0736,-0.4171,0.0714,-0.2910,0.7695,-0.3047,-0.0033,-0.4409,0.0435,-0.2349,-1.4385,-0.3136
237,4.7400,-0.0793,-0.3992,0.0692,-0.2873,1.0173,0.0871,0.0941,-0.5169,0.0384,0.2282,-1.5793,0.0758
238,4.7600,-0.0849,-0.3761,0.0646,-0.2840,1.2932,-0.5513,0.3103,-0.6079,0.0279,1.1782,-1.7895,-0.5675
239,4.7800,-0.0905,-0.3471,0.0399,-0.2834,1.6084,-1.9133,0.3525,-0.5732,-0.0035,1.2602,-0.9478,-1.9352
240,4.8000,-0.0961,-0.3130,0.0015,-0.2894,1.8049,-1.9283,0.2731,-0.5801,-0.0402,0.7892,-0.6725,-1.9483
241,4.8200,-0.1018,-0.2753,-0.0285,-0.3023,1.9647,-1.0771,0.4418,-0.5585,-0.0352,1.4876,-0.2513,-1.0659
242,4.8400,-0.1079,-0.2350,-0.0608,-0.3207,2.0647,-2.1489,0.5365,-0.4649,-0.0349,1.7916,0.6128,-2.1092
243,4.8600,-0.1145,-0.1940,-0.1091,-0.3472,2.0359,-2.6774,0.4581,-0.4640,-0.0967,1.2589,0.4971,-2.6503
244,4.8800,-0.1216,-0.1534,-0.1521,-0.3830,2.0228,-1.6217,0.2682,-0.4048,-0.1246,0.2836,0.8709,-1.5818
245,4.9000,-0.1296,-0.1136,-0.1688,-0.4248,1.9518,-0.0556,0.3216,-0.4002,-0.1508,0.4647,0.7048,-0.0247
246,4.9200,-0.1384,-0.0751,-0.1709,-0.4679,1.9029,-0.1532,0.3126,-0.3919,-0.1803,0.3348,0.6144,-0.1470
247,4.9400,-0.1481,-0.0374,-0.1706,-0.5113,1.8653,0.1889,0.1877,-0.2720,-0.1961,-0.2993,1.4218,0.1807
248,4.9600,-0.1587,-0.0017,-0.1566,-0.5533,1.7037,1.2103,0.1886,-0.2315,-0.1875,-0.3076,1.3672,1.1975
249,4.9800,-0.1701,0.0308,-0.1324,-0.5913,1.5448,1.2081,0.0582,-0.1625,-0.1354,-0.8770,1.5460,1.2202
250,5.0000,-0.1822,0.0597,-0.1026,-0.6240,1.3533,1.7653,0.0132,-0.1798,-0.1176,-1.0308,0.9928,1.7667
251,5.0200,-0.1949,0.0857,-0.0656,-0.6501,1.2393,1.9375,-0.0394,-0.1011,-0.0719,-1.1865,1.3479,1.9465
252,5.0400,-0.2080,0.1087,-0.0267,-0.6685,1.0676,1.9516,-0.1820,-0.0254,-0.0240,-1.7218,1.5705,1.9683
253,5.0600,-0.2214,0.1280,0.0179,-0.6789,0.8567,2.5142,-0.2005,-0.0316,0.0139,-1.6553,1.0823,2.5247
254,5.0800,-0.2350,0.1437,0.0658,-0.6798,0.7130,2.2767,-0.3275,0.0228,0.0883,-2.0499,1.2062,2.3104
255,5.1000,-0.2484,0.1563,0.1135,-0.6715,0.5461,2.4922,-0.4642,0.1143,0.1284,-2.4628,1.5794,2.5186
256,5.1200,-0.2616,0.1649,0.1680,-0.6531,0.3176,2.9512,-0.5870,0.0621,0.1919,-2.7566,0.7135,2.9851
257,5.1400,-0.2744,0.1702,0.2287,-0.6232,0.2131,3.1220,-0.6063,0.0622,0.2815,-2.5345,0.5060,3.1807
258,5.1600,-0.2864,0.1737,0.2838,-0.5816,0.1369,2.3887,-0.8617,0.0552,0.3405,-3.3905,0.3018,2.4498
259,5.1800,-0.2974,0.1760,0.3416,-0.5294,0.0893,3.3890,-0.8736,0.1095,0.3969,-3.0728,0.6354,3.4479
260,5.2000,-0.3073,0.1768,0.4029,-0.4649,-0.0102,2.7401,-0.8134,0.0760,0.4612,-2.4461,0.1821,2.8006
261,5.2200,-0.3158,0.1762,0.4458,-0.3899,-0.0439,1.5480,-0.9411,0.1300,0.4886,-2.7191,0.5451,1.5937
262,5.2400,-0.3227,0.1745,0.4798,-0.3078,-0.1334,1.8544,-1.1642,0.1159,0.5346,-3.3718,0.2673,1.9099
263,5.2600,-0.3279,0.1713,0.5248,-0.2179,-0.1835,2.6513,-1.1026,0.0765,0.5777,-2.6918,-0.1292,2.7041
264,5.2800,-0.3312,0.1677,0.5667,-0.1189,-0.1749,1.5376,-0.9658,0.0554,0.6076,-1.7347,-0.2662,1.5790
265,5.3000,-0.3325,0.1645,0.5824,-0.0140,-0.1451,0.0277,-1.0606,0.0125,0.6165,-1.8935,-0.5322,0.0623
266,5.3200,-0.3316,0.1623,0.5850,0.0923,-0.0741,0.2354,-1.0727,0.1137,0.5966,-1.6782,0.4075,0.2496
267,5.3400,-0.3286,0.1601,0.5883,0.1993,-0.1430,0.0953,-0.9105,0.1593,0.5964,-0.6928,0.6371,0.1061
268,5.3600,-0.3234,0.1562,0.5762,0.3060,-0.2485,-1.3045,-0.5665,0.1756,0.6208,1.0452,0.5680,-1.2617
269,5.3800,-0.3161,0.1503,0.5230,0.4067,-0.3465,-4.0146,-0.2918,0.2815,0.5510,2.2808,1.2166,-3.9872
270,5.4000,-0.3070,0.1413,0.4275,0.4925,-0.5453,-5.5409,-0.3614,0.2302,0.4660,1.8664,0.4421,-5.5047
271,5.4200,-0.2963,0.1296,0.3263,0.5584,-0.6326,-4.5760,-0.1501,0.2142,0.3528,2.7129,0.1673,-4.5510
272,5.4400,-0.2844,0.1164,0.2281,0.6053,-0.6806,-5.2414,-0.2093,0.1459,0.2362,2.2487,-0.4370,-5.2331
273,5.4600,-0.2719,0.1032,0.1355,0.6331,-0.6382,-4.0166,-0.1879,0.1673,0.1638,2.1915,-0.1623,-3.9906
274,5.4800,-0.2589,0.0905,0.0595,0.6448,-0.6358,-3.5862,-0.1341,0.2527,0.1108,2.2749,0.5332,-3.5405
275,5.5000,-0.2459,0.0768,-0.0112,0.6423,-0.7382,-3.4829,-0.1395,0.2661,0.0398,2.0598,0.4599,-3.4382
276,5.5200,-0.2331,0.0611,-0.0745,0.6267,-0.8321,-2.8456,0.0067,0.1950,-0.0140,2.5371,-0.2543,-2.7933
277,5.5400,-0.2207,0.0445,-0.1360,0.5993,-0.8204,-3.3055,0.1461,0.1556,-0.0991,2.9080,-0.5125,-3.2749
278,5.5600,-0.2090,0.0286,-0.2037,0.5592,-0.7689,-3.4674,-0.0319,0.1462,-0.1531,1.8349,-0.4581,-3.4252
279,5.5800,-0.1982,0.0137,-0.2552,0.5071,-0.7237,-1.6876,-0.0340,0.0420,-0.2286,1.6098,-1.1597,-1.6674
280,5.6000,-0.1886,0.0008,-0.2817,0.4479,-0.5707,-0.9537,0.1232,-0.0097,-0.2489,2.1277,-1.2419,-0.9284
281,5.6200,-0.1802,-0.0089,-0.3076,0.3841,-0.4005,-1.6365,0.1558,-0.0476,-0.2701,2.0370,-1.1873,-1.6075
282,5.6400,-0.1731,-0.0153,-0.3386,0.3146,-0.2332,-1.4648,0.1380,-0.1280,-0.2974,1.7237,-1.4759,-1.4330
283,5.6600,-0.1675,-0.0178,-0.3623,0.2398,-0.0171,-0.9110,0.1057,-0.2108,-0.3151,1.3703,-1.6939,-0.8745
284,5.6800,-0.1634,-0.0156,-0.3748,0.1616,0.2384,-0.3330,0.0340,-0.1764,-0.3160,0.8738,-0.9242,-0.2870
285,5.7000,-0.1610,-0.0093,-0.3744,0.0824,0.3850,0.3747,-0.0856,-0.1654,-0.3307,0.1897,-0.5580,0.4067
286,5.7200,-0.1601,-0.0007,-0.3560,0.0051,0.4804,1.4584,-0.1658,-0.2577,-0.3280,-0.2576,-1.1051,1.4760
287,5.7400,-0.1607,0.0107,-0.3202,-0.0665,0.6613,2.1290,-0.1478,-0.2067,-0.3031,-0.2201,-0.3667,2.1366
288,5.7600,-0.1626,0.0247,-0.2792,-0.1302,0.7355,1.9686,-0.2032,-0.2279,-0.2726,-0.5083,-0.4067,1.9668
289,5.7800,-0.1658,0.0402,-0.2371,-0.1857,0.8177,2.2386,-0.1836,-0.2534,-0.2477,-0.4339,-0.4663,2.2217
290,5.8000,-0.1700,0.0575,-0.1945,-0.2325,0.9110,2.0237,-0.1195,-0.2052,-0.2122,-0.1550,0.0696,2.0008
291,5.8200,-0.1750,0.0759,-0.1599,-0.2715,0.9257,1.4350,-0.1059,-0.1193,-0.1865,-0.1226,0.7442,1.4046
292,5.8400,-0.1808,0.0935,-0.1331,-0.3044,0.8384,1.2455,-0.1225,-0.1040,-0.1470,-0.2088,0.6670,1.2269
293,5.8600,-0.1871,0.1095,-0.1091,-0.3322,0.7598,1.1570,-0.1946,-0.0595,-0.1294,-0.5419,0.8381,1.1330
294,5.8800,-0.1940,0.1236,-0.0819,-0.3549,0.6527,1.5605,-0.3725,-0.0479,-0.0799,-1.2957,0.6991,1.5567
295,5.9000,-0.2013,0.1358,-0.0421,-0.3710,0.5631,2.4228,-0.3437,0.0092,-0.0557,-1.0729,0.9537,2.4052
296,5.9200,-0.2088,0.1458,0.0025,-0.3783,0.4321,2.0282,-0.5825,-0.0179,-0.0020,-2.0449,0.4717,2.0191
297,5.9400,-0.2163,0.1538,0.0547,-0.3763,0.3700,3.1920,-0.4401,-0.0607,0.0537,-1.2172,0.0059,3.1860
298,5.9600,-0.2237,0.1612,0.1042,-0.3633,0.3763,1.7604,-0.5065,-0.0669,0.1043,-1.3893,-0.0378,1.7555
299,5.9800,-0.2308,0.1689,0.1393,-0.3424,0.3894,1.7472,-0.3572,-0.0591,0.1186,-0.5879,0.0413,1.7241
300,6.0000,-0.2374,0.1767,0.1621,-0.3152,0.3907,0.5390,-0.0609,-0.0663,0.1418,0.8163,-0.0205,0.5166
301,6.0200,-0.2434,0.1846,0.1509,-0.2865,0.4013,-1.6614,0.0341,-0.0720,0.1434,1.2035,-0.0520,-1.6721
302,6.0400,-0.2488,0.1928,0.1111,-0.2630,0.4168,-2.3160,0.0798,-0.0380,0.1164,1.3328,0.2368,-2.3152
303,6.0600,-0.2538,0.2009,0.0638,-0.2482,0.3891,-2.4149,-0.0234,0.0530,0.0864,0.7803,0.8858,-2.3989
304,6.0800,-0.2587,0.2074,0.0248,-0.2418,0.2622,-1.4870,-0.2159,0.0627,0.0815,-0.1156,0.7061,-1.4411
305,6.1000,-0.2634,0.2116,0.0084,-0.2408,0.1586,-0.1550,-0.2224,-0.0062,0.0637,-0.1224,-0.0388,-0.1111
306,6.1200,-0.2682,0.2148,0.0067,-0.2410,0.1647,-0.0149,-0.3351,0.0177,0.0399,-0.6200,0.1602,0.0087
307,6.1400,-0.2730,0.2179,0.0151,-0.2406,0.1408,0.8610,-0.1752,0.0256,0.0391,0.1523,0.1742,0.8761
308,6.1600,-0.2778,0.2204,0.0214,-0.2379,0.1140,-0.2297,-0.1104,0.0342,0.0475,0.4384,0.1900,-0.2131
309,6.1800,-0.2825,0.2224,0.0119,-0.2355,0.0841,-0.7236,0.0799,0.0189,0.0210,1.2471,0.0130,-0.7223
310,6.2000,-0.2872,0.2240,-0.0132,-0.2362,0.0801,-1.7884,-0.1232,-0.0156,-0.0089,0.2247,-0.2628,-1.7914
311,6.2200,-0.2920,0.2260,-0.0329,-0.2418,0.1178,-0.1800,0.0205,-0.0040,-0.0448,0.8321,-0.0959,-0.1972
312,6.2400,-0.2969,0.2285,-0.0432,-0.2496,0.1313,-0.8463,0.0387,-0.0094,-0.0660,0.8226,-0.1110,-0.8728
313,6.2600,-0.3020,0.2313,-0.0591,-0.2599,0.1475,-0.7526,-0.2088,-0.0125,-0.0762,-0.3684,-0.1027,-0.7736
314,6.2800,-0.3073,0.2344,-0.0563,-0.2718,0.1630,1.0327,-0.1516,0.0254,-0.0702,-0.0916,0.2243,1.0149
315,6.3000,-0.3128,0.2373,-0.0396,-0.2809,0.1294,0.6430,-0.2112,0.1181,-0.0315,-0.3460,0.8833,0.6449
316,6.3200,-0.3185,0.2386,-0.0252,-0.2869,-0.0047,0.7977,-0.3834,0.1582,-0.0339,-1.1022,0.9346,0.7848
317,6.3400,-0.3243,0.2370,0.0022,-0.2888,-0.1506,1.9442,-0.1940,0.1075,0.0080,-0.1493,0.2576,1.9442
318,6.3600,-0.3301,0.2335,0.0254,-0.2849,-0.1984,0.3708,-0.3381,0.0175,0.0382,-0.7718,-0.5305,0.3770
319,6.3800,-0.3357,0.2303,0.0400,-0.2777,-0.1282,1.0933,-0.4451,0.0286,0.0649,-1.1649,-0.2960,1.1101
320,6.4000,-0.3412,0.2281,0.0666,-0.2661,-0.0912,1.5647,-0.5235,0.0111,0.0830,-1.4029,-0.3526,1.5737
321,6.4200,-0.3464,0.2267,0.1009,-0.2483,-0.0445,1.8666,-0.5795,0.0345,0.1079,-1.5158,-0.0713,1.8672
322,6.4400,-0.3512,0.2259,0.1391,-0.2232,-0.0389,1.9515,-0.6140,0.0826,0.1351,-1.5180,0.3213,1.9423
323,6.4600,-0.3553,0.2246,0.1772,-0.1903,-0.0923,1.8605,-0.4717,0.0452,0.1654,-0.7217,-0.0712,1.8445
324,6.4800,-0.3588,0.2228,0.2016,-0.1508,-0.0880,0.5724,-0.5879,0.0873,0.1866,-1.1454,0.2732,0.5540
325,6.5000,-0.3614,0.2205,0.2181,-0.1076,-0.1354,1.0777,-0.6353,0.1125,0.2267,-1.2019,0.3839,1.0805
326,6.5200,-0.3631,0.2172,0.2387,-0.0603,-0.2009,0.9836,-0.6566,0.2037,0.2532,-1.1409,0.9775,0.9916
327,6.5400,-0.3638,0.2116,0.2563,-0.0091,-0.3580,0.7845,-0.7358,0.1778,0.2742,-1.3416,0.4765,0.7952
328,6.5600,-0.3635,0.2036,0.2742,0.0456,-0.4438,0.9972,-0.4618,0.1619,0.2785,0.0482,0.1986,0.9959
329,6.5800,-0.3621,0.1942,0.2739,0.1029,-0.4899,-1.0215,-0.5616,0.2943,0.2904,-0.3417,1.1606,-1.0122
330,6.6000,-0.3595,0.1825,0.2581,0.1580,-0.6826,-0.5590,-0.5140,0.2647,0.2865,-0.0369,0.5703,-0.5393
331,6.6200,-0.3558,0.1678,0.2428,0.2106,-0.7914,-0.9686,-0.5932,0.2449,0.2797,-0.3301,0.2261,-0.9418
332,6.6400,-0.3511,0.1513,0.2281,0.2601,-0.8510,-0.5089,-0.5345,0.2412,0.2398,-0.0052,0.1063,-0.5048
333,6.6600,-0.3454,0.1339,0.2156,0.3073,-0.8939,-0.7418,-0.5538,0.2118,0.2195,-0.0528,-0.1793,-0.7446
334,6.6800,-0.3388,0.1160,0.2025,0.3521,-0.8944,-0.5628,-0.5687,0.1946,0.1818,-0.0923,-0.2863,-0.5873
335,6.7000,-0.3314,0.0983,0.1940,0.3950,-0.8783,-0.2857,-0.4751,0.2561,0.1615,0.3601,0.2542,-0.3203
336,6.7200,-0.3231,0.0801,0.1829,0.4363,-0.9430,-0.8267,-0.4380,0.0426,0.1618,0.5316,-1.5155,-0.8505
337,6.7400,-0.3140,0.0632,0.1636,0.4748,-0.7417,-1.1044,-0.2931,0.0844,0.1411,1.1606,-0.7658,-1.1289
338,6.7600,-0.3042,0.0493,0.1332,0.5087,-0.6473,-1.9380,-0.5155,0.0900,0.1273,0.0967,-0.5152,-1.9475
339,6.7800,-0.2938,0.0370,0.1103,0.5368,-0.5877,-0.3524,-0.4298,0.0708,0.1316,0.5116,-0.5293,-0.3378
340,6.8000,-0.2828,0.0259,0.0971,0.5623,-0.5240,-0.9604,-0.6898,0.0256,0.1181,-0.6746,-0.7419,-0.9464
341,6.8200,-0.2714,0.0164,0.0959,0.5858,-0.4259,0.8336,-0.5911,0.0145,0.1009,-0.1626,-0.6221,0.8334
342,6.8400,-0.2594,0.0087,0.1066,0.6111,-0.3429,0.2399,-0.3944,-0.0557,0.1232,0.7608,-0.9976,0.2500
343,6.8600,-0.2470,0.0032,0.0965,0.6369,-0.2005,-1.2481,-0.2904,-0.0455,0.1284,1.1912,-0.6303,-1.2247
344,6.8800,-0.2341,0.0001,0.0644,0.6585,-0.1093,-1.9666,-0.2338,-0.0629,0.0839,1.3499,-0.5837,-1.9546
345,6.9000,-0.2208,-0.0012,0.0247,0.6729,-0.0224,-2.0043,-0.1934,-0.0991,0.0303,1.4121,-0.6958,-2.0048
346,6.9200,-0.2073,-0.0006,-0.0138,0.6798,0.0840,-1.8406,-0.2756,-0.0539,-0.0336,0.9016,-0.1352,-1.8635
347,6.9400,-0.1937,0.0014,-0.0399,0.6803,0.1087,-0.7720,0.1029,-0.0201,-0.0443,2.5172,0.1732,-0.7809
348,6.9600,-0.1802,0.0033,-0.0786,0.6756,0.0875,-3.0982,0.0233,-0.0608,-0.0669,1.9351,-0.1919,-3.0928
349,6.9800,-0.1668,0.0054,-0.1321,0.6610,0.1208,-2.2476,0.1122,-0.0951,-0.0955,2.1590,-0.3995,-2.2204
350,7.0000,-0.1539,0.0085,-0.1792,0.6370,0.1864,-2.4673,-0.0762,-0.1021,-0.1528,1.0925,-0.3307,-2.4494
351,7.0200,-0.1415,0.0128,-0.2104,0.6049,0.2435,-0.6515,-0.1139,-0.0766,-0.1943,0.7865,-0.0273,-0.6431
352,7.0400,-0.1298,0.0178,-0.2166,0.5696,0.2562,0.0362,-0.0525,-0.1231,-0.2253,0.9361,-0.3751,0.0226
353,7.0600,-0.1189,0.0236,-0.2163,0.5342,0.3218,-0.0142,-0.1513,-0.0706,-0.2059,0.3816,0.1550,-0.0107
354,7.0800,-0.1086,0.0299,-0.2098,0.4993,0.3090,0.6657,-0.2624,0.0015,-0.2047,-0.1920,0.6830,0.6645
355,7.1000,-0.0990,0.0351,-0.1880,0.4674,0.2158,1.5121,-0.2879,0.0200,-0.1722,-0.3177,0.6349,1.5203
356,7.1200,-0.0901,0.0385,-0.1575,0.4410,0.1270,1.5462,-0.1689,0.0526,-0.1393,0.2154,0.7082,1.5563
357,7.1400,-0.0816,0.0400,-0.1360,0.4200,0.0243,0.5963,-0.1324,0.0101,-0.1057,0.3444,0.1704,0.6170
358,7.1600,-0.0734,0.0403,-0.1281,0.4020,-0.0001,0.1971,-0.4036,-0.0838,-0.1211,-0.9358,-0.6125,0.1969
359,7.1800,-0.0656,0.0412,-0.1046,0.3864,0.0932,2.1553,-0.3027,-0.0611,-0.0938,-0.4184,-0.2537,2.1584
360,7.2000,-0.0581,0.0435,-0.0698,0.3775,0.1349,1.3187,-0.2344,0.0244,-0.0736,-0.0992,0.4933,1.3089
361,7.2200,-0.0507,0.0455,-0.0492,0.3741,0.0649,0.7412,-0.0093,0.0307,-0.0346,0.9184,0.4010,0.7479
362,7.2400,-0.0433,0.0462,-0.0516,0.3729,0.0067,-0.9807,0.0893,0.0007,-0.0718,1.2468,0.0497,-1.0050
363,7.2600,-0.0360,0.0463,-0.0746,0.3689,-0.0002,-1.3156,0.0159,-0.0298,-0.0857,0.7978,-0.2029,-1.3314
364,7.2800,-0.0288,0.0466,-0.0940,0.3605,0.0310,-0.6259,-0.0267,0.0140,-0.1288,0.5014,0.2003,-0.6622
365,7.3000,-0.0217,0.0469,-0.0998,0.3498,0.0020,0.0428,-0.2386,0.0199,-0.1362,-0.5177,0.1883,0.0056
366,7.3200,-0.0149,0.0467,-0.0836,0.3400,-0.0259,1.5850,-0.1648,-0.0324,-0.1381,-0.1776,-0.2761,1.5324
367,7.3400,-0.0083,0.0466,-0.0562,0.3351,0.0155,1.1513,-0.3672,-0.0123,-0.0823,-1.0705,-0.0377,1.1247
368,7.3600,-0.0017,0.0470,-0.0232,0.3359,0.0221,2.1537,-0.1062,-0.0335,-0.0550,0.1777,-0.1908,2.1226
369,7.3800,0.0050,0.0477,0.0006,0.3432,0.0520,0.2259,-0.1287,-0.0249,-0.0345,0.0521,-0.0668,0.1924
370,7.4000,0.0118,0.0489,0.0055,0.3528,0.0640,0.2554,-0.1068,-0.0660,-0.0276,0.1410,-0.3661,0.2243
371,7.4200,0.0189,0.0507,0.0089,0.3633,0.1216,0.0871,-0.1799,-0.0406,-0.0162,-0.1978,-0.0572,0.0636
372,7.4400,0.0262,0.0533,0.0149,0.3747,0.1342,0.5149,-0.2489,-0.0999,-0.0008,-0.4843,-0.5005,0.5001
373,7.4600,0.0337,0.0568,0.0287,0.3882,0.2141,0.8670,-0.2988,-0.0608,0.0267,-0.6536,-0.0425,0.8646
374,7.4800,0.0415,0.0612,0.0473,0.4049,0.2270,0.9868,-0.3640,-0.0399,0.0498,-0.8767,0.1388,0.9885
375,7.5000,0.0497,0.0656,0.0692,0.4257,0.2128,1.2127,-0.3893,0.0157,0.0835,-0.8919,0.5391,1.2246
376,7.5200,0.0584,0.0691,0.0922,0.4511,0.1376,1.0825,-0.3200,0.0183,0.1075,-0.4834,0.4057,1.0952
377,7.5400,0.0676,0.0712,0.1068,0.4803,0.0802,0.3759,-0.1167,0.0294,0.1019,0.4775,0.3766,0.3706
378,7.5600,0.0774,0.0723,0.1005,0.5106,0.0254,-1.0022,-0.2163,-0.0411,0.0829,-0.0012,-0.2847,-1.0187
379,7.5800,0.0878,0.0732,0.0882,0.5385,0.0690,-0.2344,-0.0453,-0.0616,0.0703,0.7784,-0.3603,-0.2508
380,7.6000,0.0988,0.0752,0.0728,0.5643,0.1253,-1.2964,-0.1731,0.0142,0.0815,0.1673,0.3414,-1.2892
381,7.6200,0.1102,0.0772,0.0548,0.5863,0.0772,-0.5109,-0.4252,0.0624,0.0338,-0.9838,0.6199,-0.5300
382,7.6400,0.1220,0.0778,0.0643,0.6071,-0.0146,1.4635,-0.0937,-0.0109,0.0523,0.6014,-0.1343,1.4527
383,7.6600,0.1343,0.0777,0.0699,0.6308,0.0050,-0.8995,-0.2079,-0.0144,0.0597,0.0489,-0.1230,-0.9086
384,7.6800,0.1471,0.0780,0.0590,0.6531,0.0234,-0.1943,0.0882,0.0229,0.0444,1.3770,0.2053,-0.2069
385,7.7000,0.1602,0.0782,0.0365,0.6729,-0.0072,-2.0514,0.0240,-0.0038,0.0189,0.9710,-0.0645,-2.0666
386,7.7200,0.1738,0.0781,0.0021,0.6863,0.0020,-1.3953,0.0563,-0.0410,-0.0177,1.0270,-0.3367,-1.4121
387,7.7400,0.1875,0.0787,-0.0248,0.6939,0.0527,-1.2941,0.3236,-0.0210,-0.0200,2.1431,-0.0805,-1.2889
388,7.7600,0.2013,0.0799,-0.0674,0.6953,0.0661,-2.9600,0.3805,0.0044,-0.0640,2.1970,0.1429,-2.9562
389,7.7800,0.2151,0.0810,-0.1260,0.6862,0.0461,-2.9016,0.2483,0.0756,-0.1442,1.3760,0.6587,-2.9169
390,7.8000,0.2286,0.0809,-0.1682,0.6667,-0.0525,-1.3173,0.1760,0.0941,-0.1397,0.9301,0.6100,-1.2911
391,7.8200,0.2416,0.0789,-0.1884,0.6415,-0.1466,-0.7058,0.4138,0.1472,-0.1822,1.8671,0.8432,-0.6997
392,7.8400,0.2540,0.0747,-0.2141,0.6123,-0.2788,-1.8628,0.2756,0.1204,-0.1925,1.0555,0.3795,-1.8432
393,7.8600,0.2658,0.0684,-0.2397,0.5774,-0.3446,-0.6973,0.3315,0.2109,-0.2279,1.1654,0.9674,-0.6867
394,7.8800,0.2769,0.0600,-0.2534,0.5390,-0.5012,-0.6705,0.2007,0.1467,-0.2248,0.4432,0.1696,-0.6453
395,7.9000,0.2872,0.0496,-0.2567,0.4987,-0.5415,0.3374,0.0651,0.2222,-0.2026,-0.2287,0.6964,0.3846
396,7.9200,0.2966,0.0375,-0.2412,0.4596,-0.6625,1.2086,0.3337,0.1637,-0.1873,0.9566,0.0186,1.2549
397,7.9400,0.3053,0.0241,-0.2351,0.4234,-0.6843,-0.5924,0.2002,0.1987,-0.1729,0.2449,0.2691,-0.5396
398,7.9600,0.3133,0.0098,-0.2379,0.3866,-0.7443,0.3078,0.1106,0.1948,-0.1832,-0.2171,0.1415,0.3530
399,7.9800,0.3206,-0.0055,-0.2242,0.3510,-0.7865,1.0587,0.2986,0.2077,-0.1831,0.6009,0.1812,1.0911
400,8.0000,0.3272,-0.0218,-0.2148,0.3182,-0.8356,-0.1187,0.3111,0.1705,-0.1794,0.5656,-0.1838,-0.0918
401,8.0200,0.3331,-0.0384,-0.2173,0.2857,-0.8306,-0.1284,0.0862,0.2365,-0.1891,-0.5310,0.3664,-0.1085
402,8.0400,0.3384,-0.0558,-0.2034,0.2538,-0.9084,1.5237,0.3599,0.1026,-0.2067,0.6851,-0.8099,1.5155
403,8.0600,0.3431,-0.0730,-0.1892,0.2256,-0.8102,-0.1101,0.2843,0.1420,-0.1929,0.2482,-0.2845,-0.1185
404,8.0800,0.3472,-0.0890,-0.1863,0.1983,-0.7881,0.4024,0.2494,0.1530,-0.1854,0.0372,-0.1336,0.3982
405,8.1000,0.3508,-0.1047,-0.1755,0.1725,-0.7879,0.6749,0.3765,0.1561,-0.1974,0.5531,-0.0889,0.6507
406,8.1200,0.3539,-0.1206,-0.1689,0.1485,-0.7942,-0.0087,0.3810,0.2053,-0.1968,0.4838,0.3046,-0.0377
407,8.1400,0.3565,-0.1371,-0.1684,0.1250,-0.8598,0.0595,0.4865,0.1471,-0.1649,0.8982,-0.2589,0.0587
408,8.1600,0.3587,-0.1541,-0.1752,0.1011,-0.8419,-0.7465,0.7019,0.1742,-0.1669,1.7539,0.0102,-0.7430
409,8.1800,0.3603,-0.1712,-0.2031,0.0738,-0.8638,-2.0428,0.7276,0.1867,-0.1894,1.6822,0.0861,-2.0346
410,8.2000,0.3614,-0.1888,-0.2425,0.0393,-0.8975,-1.8998,0.7447,0.1400,-0.2204,1.5743,-0.3237,-1.8844
411,8.2200,0.3617,-0.2065,-0.2778,-0.0025,-0.8699,-1.6254,0.3002,0.1088,-0.2604,-0.6045,-0.4918,-1.6145
412,8.2400,0.3611,-0.2233,-0.2765,-0.0486,-0.8157,1.7569,0.2945,0.0795,-0.2646,-0.6297,-0.5938,1.7628
413,8.2600,0.3596,-0.2389,-0.2398,-0.0901,-0.7442,1.9088,0.4882,0.1475,-0.2394,0.2398,0.0970,1.9045
414,8.2800,0.3573,-0.2541,-0.2156,-0.1252,-0.7747,0.5176,0.3269,0.2028,-0.2185,-0.5478,0.4855,0.5104
415,8.3000,0.3544,-0.2705,-0.1951,-0.1567,-0.8647,1.5263,0.2643,0.0926,-0.2183,-0.8324,-0.5350,1.5014
416,8.3200,0.3508,-0.2872,-0.1600,-0.1827,-0.8027,1.9872,0.4295,0.0703,-0.1890,-0.0598,-0.5684,1.9575
417,8.3400,0.3469,-0.3025,-0.1328,-0.2021,-0.7336,0.7268,0.3293,-0.0016,-0.1659,-0.5378,-0.9784,0.6941
418,8.3600,0.3426,-0.3159,-0.1128,-0.2176,-0.6002,1.2795,0.2454,-0.1323,-0.1511,-0.8974,-1.7246,1.2427
419,8.3800,0.3380,-0.3254,-0.0824,-0.2282,-0.3497,1.7571,0.3378,-0.1528,-0.1169,-0.4260,-1.3847,1.7244
420,8.4000,0.3333,-0.3303,-0.0557,-0.2329,-0.1432,0.9123,0.3593,-0.1940,-0.0655,-0.2926,-1.2995,0.9019
421,8.4200,0.3285,-0.3312,-0.0424,-0.2339,0.0566,0.4226,0.4411,-0.2217,-0.0403,0.0972,-1.1285,0.4229
422,8.4400,0.3237,-0.3282,-0.0411,-0.2335,0.2364,-0.2953,0.4107,-0.2524,-0.0146,-0.0378,-1.0267,-0.2735
423,8.4600,0.3190,-0.3218,-0.0467,-0.2340,0.4059,-0.2643,0.1777,-0.3407,-0.0157,-1.0776,-1.4010,-0.2389
424,8.4800,0.3142,-0.3114,-0.0366,-0.2345,0.6368,1.2700,0.2779,-0.2959,0.0276,-0.5122,-0.6181,1.3243
425,8.5000,0.3094,-0.2975,-0.0214,-0.2319,0.7557,0.2568,0.3867,-0.3279,0.0449,0.0283,-0.6624,0.3119
426,8.5200,0.3048,-0.2811,-0.0252,-0.2283,0.8845,-0.6427,0.2568,-0.3643,0.0154,-0.5657,-0.7243,-0.6112
427,8.5400,0.3001,-0.2620,-0.0279,-0.2261,1.0260,0.3761,0.3737,-0.2842,0.0221,0.0167,0.1455,0.4154
428,8.5600,0.2956,-0.2413,-0.0290,-0.2238,1.0396,-0.4842,0.4598,-0.2803,0.0108,0.3971,0.1665,-0.4547
429,8.5800,0.2910,-0.2204,-0.0438,-0.2233,1.0499,-1.0019,0.2825,-0.2952,-0.0240,-0.4456,0.0330,-0.9904
430,8.6000,0.2865,-0.1991,-0.0498,-0.2256,1.0802,0.4067,0.0080,-0.2952,-0.0516,-1.6553,0.0556,0.3988
431,8.6200,0.2819,-0.1772,-0.0219,-0.2260,1.1073,2.3847,-0.0018,-0.3170,0.0051,-1.5381,-0.0983,2.4023
432,8.6400,0.2773,-0.1546,0.0218,-0.2187,1.1580,1.9879,-0.0955,-0.1638,0.0422,-1.8195,1.1618,1.9993
433,8.6600,0.2730,-0.1328,0.0641,-0.2033,1.0191,2.2401,-0.0859,-0.1912,0.0711,-1.6108,0.6376,2.2396
434,8.6800,0.2690,-0.1131,0.1049,-0.1798,0.9548,1.8390,-0.2009,-0.1673,0.1119,-1.9639,0.6657,1.8385
435,8.7000,0.2656,-0.0947,0.1451,-0.1487,0.8838,2.1761,-0.0892,-0.1854,0.1525,-1.2630,0.3545,2.1760
436,8.7200,0.2630,-0.0773,0.1767,-0.1102,0.8573,0.9892,-0.1041,-0.2091,0.1885,-1.1813,0.0896,0.9929
437,8.7400,0.2611,-0.0600,0.1935,-0.0674,0.8697,0.6838,-0.0160,-0.2533,0.2048,-0.6446,-0.2589,0.6872
438,8.7600,0.2601,-0.0420,0.1986,-0.0225,0.9348,-0.1680,0.0596,-0.2659,0.2063,-0.2121,-0.2570,-0.1680
439,8.7800,0.2601,-0.0226,0.1888,0.0216,1.0011,-0.8133,0.1477,-0.3303,0.1817,0.2290,-0.6598,-0.8263
440,8.8000,0.2609,-0.0013,0.1673,0.0625,1.1298,-1.3350,0.2609,-0.3610,0.1691,0.7536,-0.6776,-1.3400
441,8.8200,0.2625,0.0227,0.1333,0.0979,1.2645,-2.0627,0.3648,-0.3391,0.1112,1.1628,-0.2761,-2.0887
442,8.8400,0.2647,0.0487,0.0889,0.1252,1.3420,-2.3860,0.4576,-0.3125,0.0705,1.4935,0.0466,-2.4082
443,8.8600,0.2674,0.0759,0.0380,0.1430,1.3724,-2.6991,0.4828,-0.1952,0.0307,1.4889,0.9851,-2.7111
444,8.8800,0.2703,0.1022,-0.0143,0.1504,1.2612,-2.5348,0.4517,-0.0626,-0.0131,1.2230,1.7651,-2.5391
445,8.9000,0.2733,0.1251,-0.0592,0.1479,1.0282,-1.9526,0.5486,-0.0348,-0.0397,1.5531,1.4918,-1.9407
446,8.9200,0.2762,0.1437,-0.1020,0.1369,0.8292,-2.3267,0.7715,0.0370,-0.0923,2.3928,1.6367,-2.3236
447,8.9400,0.2787,0.1580,-0.1586,0.1162,0.6019,-3.3326,0.7956,0.1565,-0.1422,2.2688,2.1062,-3.3236
448,8.9600,0.2807,0.1670,-0.2217,0.0832,0.2967,-2.9789,0.7094,0.1737,-0.2037,1.6475,1.6299,-2.9688
449,8.9800,0.2819,0.1705,-0.2694,0.0389,0.0543,-1.7946,0.7423,0.0937,-0.2583,1.5993,0.5251,-1.7906
450,9.0000,0.2822,0.1707,-0.3019,-0.0132,-0.0283,-1.4527,0.7741,0.0727,-0.2806,1.5539,0.2030,-1.4399
451,9.0200,0.2813,0.1698,-0.3296,-0.0713,-0.0644,-1.3105,0.6656,0.1238,-0.3093,0.8730,0.5372,-1.2988
452,9.0400,0.2792,0.1676,-0.3446,-0.1341,-0.1522,-0.1980,0.7537,0.2166,-0.2937,1.1505,1.0986,-0.1594
453,9.0600,0.2758,0.1629,-0.3537,-0.1989,-0.3273,-0.7042,0.7449,0.2517,-0.3028,0.9521,1.0398,-0.6664
454,9.0800,0.2711,0.1546,-0.3648,-0.2661,-0.4985,-0.4099,0.6627,0.1993,-0.2862,0.4596,0.3097,-0.3483
455,9.1000,0.2651,0.1440,-0.3670,-0.3349,-0.5641,0.1931,0.5148,0.2774,-0.2963,-0.3035,0.8114,0.2467
456,9.1200,0.2577,0.1313,-0.3513,-0.4027,-0.7072,1.3708,0.4509,0.2829,-0.2852,-0.6204,0.5956,1.4194
457,9.1400,0.2489,0.1160,-0.3195,-0.4657,-0.8216,1.8118,0.4800,0.2797,-0.2683,-0.4962,0.3715,1.8463
458,9.1600,0.2389,0.0987,-0.2857,-0.5224,-0.9051,1.5693,0.2414,0.3495,-0.2651,-1.5885,0.7826,1.5761
459,9.1800,0.2279,0.0791,-0.2382,-0.5717,-1.0528,3.1774,0.1770,0.3333,-0.2371,-1.7933,0.3973,3.1669
460,9.2000,0.2160,0.0571,-0.1723,-0.6097,-1.1461,3.4147,0.2239,0.2267,-0.1684,-1.4588,-0.5843,3.4070
461,9.2200,0.2035,0.0347,-0.1121,-0.6352,-1.0932,2.6072,0.1225,0.1746,-0.1424,-1.8310,-0.8522,2.5693
462,9.2400,0.1906,0.0138,-0.0555,-0.6499,-0.9977,3.0499,0.2255,0.0224,-0.0759,-1.2202,-1.8214,3.0215
463,9.2600,0.1774,-0.0037,-0.0065,-0.6538,-0.7523,1.8506,0.1341,0.0260,-0.0491,-1.5439,-1.2817,1.8030
464,9.2800,0.1644,-0.0170,0.0340,-0.6497,-0.5808,2.1974,0.2001,-0.0141,-0.0156,-1.1200,-1.2366,2.1446
465,9.3000,0.1514,-0.0269,0.0704,-0.6380,-0.4107,1.4453,0.0974,0.0298,0.0376,-1.4661,-0.5429,1.4082
466,9.3200,0.1388,-0.0344,0.1016,-0.6200,-0.3403,1.6766,0.2098,-0.0146,0.0771,-0.8155,-0.7410,1.6475
467,9.3400,0.1266,-0.0402,0.1239,-0.5967,-0.2377,0.5489,0.2115,0.0739,0.0836,-0.7283,0.1618,0.5064
468,9.3600,0.1149,-0.0453,0.1332,-0.5708,-0.2684,0.3868,0.0047,-0.0330,0.1083,-1.5609,-0.7278,0.3586
469,9.3800,0.1038,-0.0496,0.1520,-0.5426,-0.1654,1.4896,-0.3174,-0.0930,0.1272,-2.8409,-0.9883,1.4620
470,9.4000,0.0932,-0.0515,0.2003,-0.5083,-0.0199,3.3399,-0.2477,-0.1229,0.1733,-2.2474,-0.9332,3.3109
471,9.4200,0.0835,-0.0504,0.2571,-0.4630,0.1217,2.3404,-0.0142,-0.1168,0.2408,-0.9551,-0.6092,2.3213
472,9.4400,0.0747,-0.0470,0.2816,-0.4096,0.2184,0.1137,-0.0039,-0.0741,0.2531,-0.7835,-0.0909,0.0842
473,9.4600,0.0671,-0.0425,0.2805,-0.3547,0.2395,-0.2245,0.1005,-0.1097,0.2451,-0.2032,-0.3353,-0.2596
474,9.4800,0.0606,-0.0371,0.2681,-0.3012,0.2980,-1.0207,0.3937,0.0198,0.2331,1.1731,0.7836,-1.0548
475,9.5000,0.0551,-0.0322,0.2279,-0.2528,0.1890,-2.9966,0.4626,-0.0529,0.2196,1.4357,-0.0079,-3.0064
476,9.5200,0.0505,-0.0284,0.1639,-0.2153,0.1963,-3.4007,0.1957,-0.0483,0.1593,0.1503,0.0357,-3.4073
477,9.5400,0.0465,-0.0244,0.1175,-0.1895,0.1971,-1.2389,0.2462,-0.0844,0.1314,0.4003,-0.2508,-1.2290
478,9.5600,0.0429,-0.0200,0.0909,-0.1704,0.2412,-1.4227,0.2908,-0.0645,0.1033,0.5851,-0.0156,-1.4143
479,9.5800,0.0397,-0.0151,0.0611,-0.1571,0.2509,-1.5605,0.2147,0.0030,0.0870,0.2177,0.5235,-1.5403
480,9.6000,0.0367,-0.0108,0.0359,-0.1495,0.1793,-0.9590,0.3047,-0.0152,0.0435,0.6016,0.2333,-0.9552
481,9.6200,0.0338,-0.0075,0.0135,-0.1466,0.1493,-1.2792,0.1716,-0.0688,0.0242,-0.0400,-0.2500,-1.2729
482,9.6400,0.0309,-0.0041,-0.0019,-0.1479,0.1914,-0.2580,-0.0213,-0.0528,0.0032,-0.9013,-0.0466,-0.2567
483,9.6600,0.0279,-0.0002,0.0070,-0.1501,0.2040,1.1467,-0.0962,-0.0358,0.0207,-1.1487,0.1052,1.1556
484,9.6800,0.0249,0.0038,0.0332,-0.1488,0.1939,1.4704,-0.0860,0.0114,0.0441,-0.9957,0.4487,1.4766
485,9.7000,0.0220,0.0071,0.0595,-0.1423,0.1314,1.1608,-0.1161,-0.0039,0.0563,-1.0403,0.2012,1.1544
486,9.7200,0.0193,0.0094,0.0830,-0.1312,0.1045,1.1869,-0.1117,-0.0513,0.0865,-0.9099,-0.2259,1.1866
487,9.7400,0.0168,0.0119,0.1035,-0.1158,0.1413,0.8607,-0.0523,0.0409,0.0986,-0.5499,0.5642,0.8531
488,9.7600,0.0147,0.0139,0.1149,-0.0975,0.0596,0.2872,-0.2529,0.0492,0.1095,-1.3794,0.4657,0.2792
489,9.7800,0.0130,0.0144,0.1323,-0.0770,-0.0096,1.4525,-0.2053,0.0136,0.1190,-1.0263,0.0509,1.4376
490,9.8000,0.0117,0.0141,0.1564,-0.0522,-0.0181,0.9501,-0.1324,0.1277,0.1719,-0.5630,0.9270,0.9609
491,9.8200,0.0110,0.0123,0.1658,-0.0241,-0.1594,-0.0074,-0.2663,0.1515,0.1841,-1.0765,0.8379,0.0057
492,9.8400,0.0108,0.0078,0.1725,0.0048,-0.2913,0.6768,-0.1557,0.1651,0.1767,-0.4602,0.6918,0.6773
493,9.8600,0.0113,0.0009,0.1778,0.0352,-0.4049,-0.1400,-0.1646,0.1664,0.1967,-0.4150,0.4894,-0.1267
494,9.8800,0.0123,-0.0081,0.1732,0.0653,-0.4912,-0.3235,-0.1895,0.1859,0.2149,-0.4370,0.4859,-0.2901
495,9.9000,0.0140,-0.0188,0.1661,0.0940,-0.5792,-0.3890,-0.1008,0.1262,0.1968,0.0306,-0.1387,-0.3660
496,9.9200,0.0162,-0.0303,0.1525,0.1207,-0.5752,-0.9650,-0.1049,0.2049,0.1839,0.0455,0.5026,-0.9418
497,9.9400,0.0189,-0.0428,0.1336,0.1438,-0.6677,-0.9316,-0.3041,0.2866,0.1506,-0.8280,0.9777,-0.9215
498,9.9600,0.0221,-0.0578,0.1296,0.1641,-0.8346,0.5376,-0.1867,0.2298,0.1142,-0.2239,0.2269,0.5188
499,9.9800,0.0256,-0.0751,0.1341,0.1849,-0.8925,-0.0882,-0.1000,0.2636,0.1184,0.2065,0.4018,-0.1068
